{
    "agencia": {
        "fechaVuelo": {
            "fechaSalida": "new Date()",
            "horaSalida": "new Date()",
            "fechaLlegada": "new Date()",
            "horaLlegada": "new Date()"
        },
        "destino": {
            "paisDestino": "finlandia/islandia/suecia",
            "aeropuertoDestinoIslandia": "Aeropuerto Internacional de Reikiavik - Keflavík KEF BIKF Keflavík - Reikiavik (Keflavíkurflugvöllur)",
            "aeropuertoDestinoSuecia": "Aeropuerto de Estocolmo - Arlanda ARN ESSA Estocolmo (Stockholm - Arlanda flygplats)",
            "aeropuertoDestinoFinlandia": "Aeropuerto de Helsinki - Vantaa HEL EFHK Helsinki (Helsinki - Vantaan lentoasema)"
        },
        "categoria": {
            "tipoCategoria": "vip/ejecutiva/economica/turista",
            "precioTiquete": "1500000",
            "cantidadPasajerosAdultos": "8",
            "cantidadPasajerosNinos": "5",
            "valortotal": "888888888"
        },
        "planTuristico": {
            "suecia": [
                {
                    "tipo": "S1",
                    "tour": "Birka, ciudad de los vikingos - Visita a pie y en barco",
                    "precio": 143447
                },
                {
                    "tipo": "S2",
                    "tour": "Birka, ciudad de los vikingos - Visita a pie y en barco",
                    "precio": 143447
                },
                {
                    "tipo": "S3",
                    "tour": "Birka, ciudad de los vikingos - Visita a pie y en barco",
                    "precio": 143447
                }
            ],
            "finlandia": [
                {
                    "tipo": "S1",
                    "tour": "Birka, ciudad de los vikingos - Visita a pie y en barco",
                    "precio": 143447
                },
                {
                    "tipo": "S2",
                    "tour": "Birka, ciudad de los vikingos - Visita a pie y en barco",
                    "precio": 143447
                },
                {
                    "tipo": "S3",
                    "tour": "Birka, ciudad de los vikingos - Visita a pie y en barco",
                    "precio": 143447
                }
            ],
            "islandia": [
                {
                    "tipo": "S1",
                    "tour": "Birka, ciudad de los vikingos - Visita a pie y en barco",
                    "precio": 143447
                },
                {
                    "tipo": "S2",
                    "tour": "Birka, ciudad de los vikingos - Visita a pie y en barco",
                    "precio": 143447
                },
                {
                    "tipo": "S3",
                    "tour": "Birka, ciudad de los vikingos - Visita a pie y en barco",
                    "precio": 143447
                }
            ]
        },
        "valorTotalPlan": {
            "valorPlanturisticoSuma": "987987987"
        },
        "hotel": {
            "ciudadDestino": "suecia/islandia/finlandia",
            "servicios": [
                {
                    "servicios1": "servicio de lavandería y planchado"
                },
                {
                    "servicios2": "servicio lustrado de zapatos"
                },
                {
                    "servicios3": "check in / out privado"
                },
                {
                    "servicios4": "check in / out express"
                },
                {
                    "servicios5": "recepción 24 horas"
                }
            ]
        },
        "hospedaje": {
            "tipohHospedaje": "sencilla/doble/suite",
            "valorHospedaje": "800000",
            "habitaciones": 4,
            "adultos": 4,
            "ninos": "Array[0]"
        },
        "alimentacion": {
            "almuerzoYcena": "true/false",
            "Bufe": {
                "suecia": [
                    {
                        "tipo": "S1",
                        "tour": "Birka, ciudad de los vikingos - Visita a pie y en barco",
                        "precio": 143447
                    },
                    {
                        "tipo": "S2",
                        "tour": "Birka, ciudad de los vikingos - Visita a pie y en barco",
                        "precio": 143447
                    },
                    {
                        "tipo": "S3",
                        "tour": "Birka, ciudad de los vikingos - Visita a pie y en barco",
                        "precio": 143447
                    }
                ],
                "finlandia": [
                    {
                        "tipo": "S1",
                        "tour": "Birka, ciudad de los vikingos - Visita a pie y en barco",
                        "precio": 143447
                    },
                    {
                        "tipo": "S2",
                        "tour": "Birka, ciudad de los vikingos - Visita a pie y en barco",
                        "precio": 143447
                    },
                    {
                        "tipo": "S3",
                        "tour": "Birka, ciudad de los vikingos - Visita a pie y en barco",
                        "precio": 143447
                    }
                ],
                "islandia": [
                    {
                        "tipo": "S1",
                        "tour": "Birka, ciudad de los vikingos - Visita a pie y en barco",
                        "precio": 143447
                    },
                    {
                        "tipo": "S2",
                        "tour": "Birka, ciudad de los vikingos - Visita a pie y en barco",
                        "precio": 143447
                    },
                    {
                        "tipo": "S3",
                        "tour": "Birka, ciudad de los vikingos - Visita a pie y en barco",
                        "precio": 143447
                    }
                ]
            },
            "totalAlimentacon": "1200000"
        },
        "bar": {
            "Snaps": "Aguardiente de patatas condimentado con ajenjo",
            "Glögg": "Vino caliente con azúcar con pasas y almendras",
            "Fjallagrasa": "Moss Schnapps – basada en musgo de mar"
        }
    }
}